{"cameraMode":{"drawMode":0,"name":"Shaded","section":"Shading Mode"},"sceneLighting":false,"audioPlay":false,"sceneViewState":{"showFog":true,"showMaterialUpdate":false,"showSkybox":false,"showFlares":true,"showImageEffects":true,"showParticleSystems":true},"in2DMode":false,"pivot":{"x":-0.5118248462677002,"y":6.843400001525879,"z":2.718384027481079},"rotation":{"x":0.1611686646938324,"y":-0.8377741575241089,"z":0.3917469382286072,"w":0.34465762972831728},"size":3.9173030853271486,"orthographic":true}