{"cameraMode":{"drawMode":0,"name":"Shaded","section":"Shading Mode"},"sceneLighting":true,"audioPlay":false,"sceneViewState":{"showFog":true,"showMaterialUpdate":false,"showSkybox":false,"showFlares":true,"showImageEffects":true,"showParticleSystems":true},"in2DMode":false,"pivot":{"x":-5.337469100952148,"y":-0.21067821979522706,"z":0.9523243308067322},"rotation":{"x":0.12469559907913208,"y":-0.6950255632400513,"z":0.12431909888982773,"w":0.6971120834350586},"size":4.225069522857666,"orthographic":false}