{"cameraMode":{"drawMode":0,"name":"Shaded","section":"Shading Mode"},"sceneLighting":true,"audioPlay":false,"sceneViewState":{"showFog":true,"showMaterialUpdate":false,"showSkybox":false,"showFlares":true,"showImageEffects":true,"showParticleSystems":true},"in2DMode":false,"pivot":{"x":4.7657246589660648,"y":-0.6407154202461243,"z":-0.9244867563247681},"rotation":{"x":0.644183337688446,"y":0.04466503486037254,"z":-0.03772770240902901,"w":0.762635350227356},"size":5.294865131378174,"orthographic":false}